{"Grid":{"0":-5.6602672788,"1":-4.9527338689,"2":-4.2452004591,"3":-3.5376670492,"4":-2.8301336394,"5":-2.1226002295,"6":-1.4150668197,"7":-0.7075334098,"8":0.0,"9":0.7075334098,"10":1.4150668197,"11":2.1226002295,"12":2.8301336394,"13":3.5376670492,"14":4.2452004591,"15":4.9527338689,"16":5.6602672788},"adiabatic_state_1":{"0":-55.8983224529,"1":-55.9249724783,"2":-55.948278765,"3":-55.967927581,"4":-55.9837451529,"5":-55.9957130451,"6":-56.0039490775,"7":-56.0086725028,"8":-56.0101734143,"9":-56.0087929475,"10":-56.0049051723,"11":-55.9988881716,"12":-55.9910849575,"13":-55.9817689662,"14":-55.9711319898,"15":-55.9593031661,"16":-55.9463880792},"diagonal_diabatic_state_1":{"0":-55.886181797,"1":-55.915575752,"2":-55.941164932,"3":-55.962746402,"4":-55.980214826,"5":-55.993573388,"6":-56.002915273,"7":-56.008389764,"8":-56.010173414,"9":-56.008456034,"10":-56.003437144,"11":-55.995324376,"12":-55.984333446,"13":-55.970694063,"14":-55.954661165,"15":-55.936525776,"16":-55.916619487},"off_diagonal_diabatic_state_1_2":{"0":0.060567724,"1":0.052544029,"2":0.044945947,"3":0.037604301,"4":0.030340888,"5":0.023014339,"6":0.015533548,"7":0.007860625,"8":0.000009597,"9":-0.007957537,"10":-0.015938342,"11":-0.023802033,"12":-0.031405888,"13":-0.038613028,"14":-0.045307062,"15":-0.051399296,"16":-0.056826642},"off_diagonal_diabatic_state_1_3":{"0":-0.000121785,"1":-0.000107139,"2":-0.000092546,"3":-0.000078146,"4":-0.000063618,"5":-0.000048626,"6":-0.000032908,"7":-0.000016326,"8":0.00000112,"9":0.000019305,"10":0.000038008,"11":0.000056967,"12":0.0000759,"13":0.000094545,"14":0.000112666,"15":0.000130087,"16":0.000146709},"adiabatic_state_2":{"0":-55.8459374189,"1":-55.8538673495,"2":-55.8578495856,"3":-55.8577473658,"4":-55.853634945,"5":-55.8458519404,"6":-55.8349756986,"7":-55.8217369609,"8":-55.8069133475,"9":-55.8205065502,"10":-55.8303940819,"11":-55.8363534551,"12":-55.8382423864,"13":-55.8360676384,"14":-55.8300321874,"15":-55.8205377792,"16":-55.8081397993},"diagonal_diabatic_state_2":{"0":-55.596159678,"1":-55.631159542,"2":-55.664304939,"3":-55.694999943,"4":-55.72298398,"5":-55.748168011,"6":-55.770547112,"7":-55.790133016,"8":-55.806913348,"9":-55.820843368,"10":-55.831861926,"11":-55.839916985,"12":-55.844993558,"13":-55.847142138,"14":-55.846502554,"15":-55.843314664,"16":-55.837907847},"off_diagonal_diabatic_state_2_3":{"0":-0.000459098,"1":-0.000407139,"2":-0.000350955,"3":-0.000293124,"4":-0.000234197,"5":-0.000174604,"6":-0.000115037,"7":-0.00005646,"8":-0.000000003,"9":0.000053213,"10":0.000102184,"11":0.000146144,"12":0.000184603,"13":0.000217381,"14":0.000244596,"15":0.00026663,"16":0.000284075},"adiabatic_state_3":{"0":-55.5840181803,"1":-55.6217620728,"2":-55.6571904707,"3":-55.6898182363,"4":-55.7194532343,"5":-55.7460280422,"6":-55.7695131027,"7":-55.7898501762,"8":-55.8069133474,"9":-55.7912303304,"10":-55.7752875381,"11":-55.7595168089,"12":-55.7441732695,"13":-55.7293571595,"14":-55.7150579385,"15":-55.7012076374,"16":-55.687730173},"diagonal_diabatic_state_3":{"0":-55.845936577,"1":-55.853866607,"2":-55.857848951,"3":-55.857746839,"4":-55.853634526,"5":-55.845851629,"6":-55.834975493,"7":-55.82173686,"8":-55.806913347,"9":-55.791230426,"10":-55.775287723,"11":-55.759517075,"12":-55.744173609,"13":-55.729357563,"14":-55.715058397,"15":-55.701208143,"16":-55.687730718}}